Timestamp,Livro - Selecionar um livro abaixo e fazer um review enganoso - (caso queira fazer um review de um livro que não está na lista abaixo pode-se utilizar a opção outros adicionando o livro no formato (<<nome do livro>> - <<autor do livro>>)),Nota para o Livro escolhido,Já leu o livro?,Review (resenha) enganoso(a) sobre o livro acima (mínimo 300 caracteres) ,Gênero,Idade,Ocupação,Região do Brasil em que nasceu,
2017/11/29 8:18:39 PM GMT,O Pequeno Príncipe - Antoine de Saint-Exupéry,1,,"Sage, o protagonista e outros três garotos com histórias semelhantes à dele são “reunidos” por Conner para avaliar quem melhor parecia um príncipe capaz de salvar um reino.   ",Feminino,20,Estudante,Sudeste,9422932
2017/11/29 8:27:01 PM GMT,Crepúsculo - Stephenie Meyer,5,,"Sem dúvida, de todos os mitos universais criados pela literatura, o mais popular e com o maior número de seguidores em todo mundo é o do imortal senhor das trevas: o conde Drácula.",Feminino,20,Estudante,Sudeste,9422932
2017/11/29 8:50:44 PM GMT,A Menina que Roubava Livros - Markus Zusak,5,,"O filme se passa em 1939, quando a guerra é declarada, mostrando Turing, em uma entrevista de emprego.Assim, ele entra na equipe que busca decodificar as mensagens nazistas.",Feminino,20,Estudante,Sudeste,9422932
2017/11/29 8:57:51 PM GMT,Harry Potter e a Câmara Secreta - J.K. Rowling,5,,"Newt Scamander pisa em terras americanas após uma longa viagem de navio, tudo o que leva consigo é uma misteriosa mala de mão que desperta a atenção dos fiscais de imigração.",Feminino,20,Estudante ,Sudeste,9422932
2017/11/29 9:04:04 PM GMT,O Mar de Monstros - Rick Riordan,5,,A obra refaz toda a trajetória da tripulação e dos temores de Velasco em voltar para casa no imprevisível mar do Caribe. O protagonista luta pela sobrevivência ao lado dos colegas.,Feminino,20,Informática Biomédica,Sudeste,9422932
2017/11/29 9:09:56 PM GMT,Jogos Vorazes - Suzanne Collins,5,,"Thomas é um jovem que acorda em uma caixa de metal com a memória apagada e, aos poucos, percebe que está em um elevador de carga.",Feminino,20,Estudante,Sudeste,9422932
2017/12/02 3:11:49 AM GMT,A Culpa é das Estrelas - John Green,5,,"O livro se baseia em um relato pessoal de uma adolescente asiática que sofre de uma doença autoimune viral, a Hazel, que vive com os pais em uma pacata cidade pequena e tem sua vida girando em torno de grupos de apoio e atendimentos hospitalares. Assim em uma destas reuniões conheceu um novo grupo de pessoas, das quais aproximou mais de um garoto que se tornou cego devido ao câncer além de se apaixonar por um outro garoto, o Gus, que era sobrevivente de câncer.
Juntos os três viveram diversas aventuras, das quais pela insistência de Gus, os dois foram se aproximando e saindo juntos a parques, na casa um do outro e por fim se assumiram como namorados.
Como sobrevivente de um câncer terminal, fez um pedido a Fundação Wish americana para leva-los a europa para que Hazel possa conhecer o seu escritor favorito. Durante a viagem conheceram toda Londres, passearam por todos os pontos turísticos. Mesmo com todas as mudanças climáticas e contato com vários agentes externos, ela conseguiu superar as delimitações da sua doença. Quando conheceram o escritor, Dan Brown, ele foi amável e respondeu todas as perguntas que eles tinham e lhes contou todos os seus planos futuros de publicações.
Na volta deles aos Estados Unidos, Gus descobriu que contraiu a doença de Hazel porém com prognósticos melhores dado sua descoberta rápida, assim com o tratamento contínuo por drogas anti-virais ele melhorou e casaram, o livro termina com eles planejando o casamento. ",Masculino,21,Estudante,Centro-Oeste,8910837
2017/12/02 3:25:02 AM GMT,Dom Casmurro - Machado de Assis,4,,"O livro conta pela ótica de Capitu como Bentinho cresceu no interior de Minas Gerais e se tornou o homem de sua vida. Partindo da descrição meticulosa da vizinhança pela qual moravam ainda quando pequenos, foi para uma descrição real sobre o meio familiar.
Na primeira parte o narrador foca na infância destes dois, e como eram próximos e como eram muito briguentos , como suas brigas ocorriam e como sempre afetavam os aspectos familiares.
Já segunda parte mostra como suas vidas seguiram caminhos diferentes, ele para o seminário, e ela para Portugal, ainda nesta parte conta sobre os diversos amores que ela teve.
Já na terceira e última parte foca em como ambos se reencontraram e toda as brigas e afastamento que tinham se tornaram afeto que culminou no casamento e na geração de um filho fruto deste amor.",Masculino,21,Estudante,Centro-Oeste,8910837
2017/12/02 3:50:19 AM GMT,Crepúsculo - Stephenie Meyer,2,,"Conta a história de uma moça, Catarina, que se muda para uma cidade pequena no interior do estado de Washington nos Estados Unidos, na qual se vê entre uma guerra mitológica entre os vampiros nativo-americanos e os lobisomens vindos da Europa.
O livro começa com uma moça ingênua se adaptando a nova cidade e começando a fazer novas amizades na sua nova escola e fica apaixonada por uma outra menina da sala muito misteriosa, Hela. Mais tarde Catarina é salva por Hela de um acidente, mas assim que começou a escurecer e a lua surgiu Hela desapareceu sem deixar rastros. Catarina muito confusa começou a procurar mais histórias sobre Hela e de pessoas como ela, assim encontrando características muito próximas as de um lobisomem.
Após um certo tempo, Catarina confrontou Hela sobre sua origem e aí se confirmou sua linhagem sanguínea próxima as de lobos, ao mesmo tempo começa a surgir vampiros em busca de sangue humano, o da Catarina, assim começa uma luta corpo a corpo entre os vampiros e Hela.
Quando o confronto termina, Hela leva Catarina para casa e ali ambas assumem o amor e fascínio uma pela outra, a autora segue então descrevendo uma cena romântica do primeiro beijo de ambas as personagens, além de já levantar possíveis rixas internas na família de Hela quanto ao seu relacionamento com Catarina, e o livro termina abruptamente dando a entender que existirá uma continuação.",Masculino,21,Estudante,Centro-Oeste,8910837
2017/12/02 4:06:33 AM GMT,Harry Potter e a Pedra Filosofal - J.K. Rowling,5,,"A história gira em torno de um menino bruxo, Harry Potter, criado por seus avós, que descobre na sua herança familiar uma pedra com poderes mágicos, dado diretamente pelos seus pais porém só o recebe quando faz 13 anos.
Primeiro a autora constrói todo o universo mágico para sustentar a narrativa, primeiramente demonstrando sobre o cotidiano da vida no mundo mágico, para isto o seu mordomo, Hagride, o leva ao Beco Diagonal, no qual compram vários materiais mágicos necessários para o ano letivo na escola mágica na qual irá ingressar, assim compram uma vassoura voadora, varinha mágica, coruja, materiais para poções mágicas, entre outras coisas. Depois visitam o grande banco bruxo de Gringotts para reaver sua herança, e logo de cara percebe que esta pedra tem um grande valor mágico dado a atenção que esta causa nas outras pessoas.
Seguem então ao castelo mágico de Hoggwarts no qual estudará vários anos sobre magia e bruxaria, lá desdobra uma nova versão da magia deste universo ja que é demonstrado vários encantamentos e possíveis aplicações da mágica no mundo material.
Ao longo do ano letivo Harry conhece um professor que o chama a atenção negativamente, o professor Snape. Ele causa grande medo nos alunos e tem uma afixação fora do normal por Harry, e ao longo da história este se mostra como vilão querendo roubar a pedra, e assim após uma batalha feroz contra o bruxo das trevas, Snape é destruido, e Harry sai vitorioso e com a posse da pedra filosofal.",Masculino,21,Estudante,Centro-Oeste,8910837
2017/12/02 4:32:10 AM GMT,O Código Da Vinci (The Da Vinci Code) - Dan Brown,5,,"O livro demonstra sobre a rixa da igreja católica aqui representada pela Opus Dei contra os cavaleiros templários, na qual estes possuem a prova terrestre de que Deus em toda a mitologia católica possui sim uma face humana e não somente divida como é descrita na Bíblia.
Tal rixa começa no assassinato do curador do museu do Luvré, em Paris, morto brutalmente e deixado nos corredores do museu com uma série de simbologias, para desvendá-las, o maior simbologista do mundo foi chamado, Robert Langdom,
Após a investigação das obras de Da Vinci e o achado do Criptex, que é o dispositivo proposto pelo mesmo capaz de guardar uma mensagem secreta no seu interior, e só demos de colocar corretamente a palavra chave é que se pode abrir seu conteúdo. Assim encontram um poema descrevendo a tumba de María madalena, a suposta esposa de Jesus Cristo.
Seguindo os rastros do Poema ele foi levado a Abadia onde supostamente havia enterrado seu corpo, lá encontrou todos os registos da família de Jesus no mundo e descobriu que Langdom era o único descendente vivo de Cristo na Terra.
Assim após se tornar alvo de toda a rixa e ainda seguindo a simbologia de Maria,  encontra a tumba se María no próprio Luvré, e dissemina todos estes anos de conhecimento pela mídia assim enfraquecendo a Opus Dei e desmascarando toda a crença católica falsa proposta por 1500 anos de alienação ao povo.",Masculino,21,Estudante,Centro-Oeste,8910837
2017/12/03 3:21:36 PM GMT,Harry Potter e a Pedra Filosofal - J.K. Rowling,5,,"Conheça Harry, filho de Tiago e Lílian Potter, feiticeiros que o abandonaram quando ele ainda era um bebê. Com isso, o menino acaba sendo levado para a casa dos tios que o amavam incondicionalmente. Até os 10 anos, Harry foi uma espécie de queridinho: mimado pelos tios, comprava sempre roupas novas, tinha óculos de marca e era tratado como rei. No dia de seu aniversário de 11 anos, entretanto, ele é forçado a participar de um mundo mágico e acaba indo contra a sua vontade.",Masculino,25,Estudante,Sudeste,8532206
2017/12/03 3:32:06 PM GMT,Crepúsculo - Stephenie Meyer,3,,"Quando Isabella Swan se muda para a incrível e movimentada cidade de Forks e conhece o carismático Edward Cullen, sua vida muda para sempre. Com corpo de atleta e dons empresariais, Edward é ao mesmo tempo bonito e bem sucedido. Até então, ele tem conseguido ocultar o segredo do seu sucesso financeiro, mas Bella está decidida a ir atrás e se tornar uma grande mulher de negócios.",Masculino,25,Estudante ,Sudeste,8532206
2017/12/03 3:53:14 PM GMT,A Cabana - William P. Young,4,,"A filha mais nova de Mackenzie Allen Philip desaparece durante as férias em família e há evidências de que um misterioso serial killer habita aquela região. Depois de quatro anos sem resposta, Mack recebe uma carta suspeita, aparentemente vinda da mesma pessoa que sequestrou sua filha, convidando-o para voltar ao mesmo lugar. Ignorando todos os alertas, ele e um grupo de amigos seguem em frente e voltam ao local para caçar esse assassino.",Masculino,25,Estudante,Sudeste,8532206
2017/12/03 4:09:57 PM GMT,Marley & Eu - John Grogan,5,,"Jonatan e Jessica eram jovens, recém casados e sem grandes preocupações, até o momento em que levaram para casa Marley, um pequeno gatinho laranja, que, rapidamente, se transformou no pior pesadelo de suas vidas.
Era um gato muito descontrolado e hostil: destruía tudo o que havia pela frente, além de arranhar e morder todos que chegassem perto. Depois de muito arrependimento os donos decidem sacrificá-lo, porém, a repercussão dessa atitude vai causar uma grande confusão.",Masculino,25,Estudante,Sudeste,8532206
2017/12/03 4:28:27 PM GMT,O Diário de Anne Frank - Anne Frank,5,,"É a história real de uma garota russa de 15 anos que ficou escondida com a família durante a guerra fria nos EUA. Ficou no último andar de um prédio durante mais de 5 anos, onde escrevia sobre os horrores do capitalismo e sonhava em voltar para seu país natal. Era ajudada por um dos moradores do prédio, que também criticava a forma de governo de seu país.",Masculino,25,Estudante,Sudeste,8532206
2017/12/08 1:45:18 AM GMT,A Menina que Roubava Livros - Markus Zusak,3,,"Liesel Meminger , o que se pensar de uma pequenina num periodo de horror e censura Hitlerista da Segunda Guerra Mundial ,poderia estar fazendo ?
Fugindo com seus pais e amigos  por ser uma judia ? Ou por ser comunista ? Ou cigana , talvez uma jovem senhora anã ? 
Não meus caros, essa jovem na verdade é uma das crianças mais intusiastas sobre o periodo de guerra.Liesel uma garota agil e vivaz espionava 
aqueles que tinham livros considerados ""profanos ""para o Terceiro Reich , onde a mesma de forma sagaz roubava os livros e os queimava em pilhas e mais pilhas,
não se engane pois a mesma contava com a ajuda do padrastro ,um pintor ,que marcava a casa do detendor do livro com lindos detalhes floridos ,fazendo com que a
policia o perseguisse . Esses atos são considerados pequenos se comparado aos atos que estão por vir neste livro...",Feminino,23,estudante,Sudeste,9018771
2017/12/08 1:46:22 AM GMT,O Código Da Vinci (The Da Vinci Code) - Dan Brown,5,,"Nesta aventura de Robert Langdon que tenta desvendar uma crime ocorrido em Paris, o assassinato do diretor do Museu do Louvre
onde o mesmo, horas antes havia deixado uma mensagem psicografa para Robert entretando a mesma estava em códigos,deixando no ar uma sinistra conspiração e suposições.
Robert então com a neta do diretor inicia a investigação destes códigos,entretanto não são os únicos que possuem essa carta,causando assim uma corrida contra o tempo para 
descobrir o que está escrito por detras dos simbolos e codigos.
Uma trama que envolve religião, história , politica,policia e muitas suposições .
",Feminino,23,estudante,Sudeste,9018771
2017/12/08 1:47:32 AM GMT,A Culpa é das Estrelas - John Green,2,,"Neste livro nos é apresentada a curta e longa vida de Hazel, uma jovem de dezesseis anos diagnosticada com leucemia aos quinze anos de idade.
Hazel tenta levar uma vida normal,mesmo sabendo que sua vida será curta tenta aproveita-lá ao máximo tal como no filme Curtindo a Vida Adoidado,onde logo após o diagnóstico
resolveu curtir a vida como uma verdadeira adolescente americana do ensino medio,matando aula e vestindo rosa apenas as quartas feiras.
Numa dessas saideiras,ela conhece um tal de Gus ,jovem da mesma idade que a dela e vivaz como a mesma, entretanto Gus é timido e retraido,pois guarda um segredo que envolve a vida e a morte
O que será que Gus guarda a sete chaves no seu intimo ,será que Hazel irá descobrir à tempo antes que sua doença a consuma ",Feminino,23,estudante,Sudeste,9018771
2017/12/08 1:48:58 AM GMT,Crepúsculo - Stephenie Meyer,2,,"Quando o jovem Edward Cullen se muda junto com sua familia para a pequena cidade de Forks e conhece a Bella Swan ,uma jovem misteriosa,atraente e estudiosa sua vida irá 
mudar para todo o sempre de forma apavorante.Bella possui um corpo atletico de causar inveja a todas,inclusive às irmãs de Edward ,além do porte fino e esbelto Bella possui uma inteligencia 
além do comum onde a mesma em sua jovem idade já fora aprovada em diversas universidades mundo afora ... mas por qual motivo Bella e seu pai ainda continuam na melancólica Forks?
Muitos dizem que a familia Swan é amaldiçoada ,mas ninguem sabe qual é a maldição ou por quem os mesmos foram providos de azar.
Edward irá se envolver com esta jovem para descobrir seus segredos e revelá-los para Forks , entretanto o seu coração irá falar mais alto e entrará num labirinto de medo e amor por Bella,
até que seu segredo sombrio será revelado .
",Feminino,23,estudante,Sudeste,9018771
2017/12/08 1:49:44 AM GMT,A Cabana - William P. Young,3,,"O que fazer quando você recebe um chamado para retornar ao local que lhe tras mais dor e medo em sua vida ,você iria ? 
Mackenzie ,recebeu este chamado e está pronto para enfrentá-lo ,este segue para o local mais sombrio e de amargura em toda a sua vida 
a cabana onde sua pequena filha forá assassinada e o crime continua sem solução à mais de sete anos. Será que é uma amardilha para o senhor Mackenzie? Ou será alguém pedindo redenção por ser crime ?
Ou é apenas a sua intuição lhe dizendo para seguir em frente com a sua vida e contornar o trauma ?
As questões levantadas por Mackenzie poderam levar-lhe à transformação que o mesmo passou .
",Feminino,23,estudante,Sudeste,9018771
2017/12/08 11:16:33 PM GMT,O Ladrão de Raios - Rick Riordan,3,,"O ladrão de raios conta uma história de um ladrão que viveu na criminalidade, cercado por drogas e armas, desde cedo aprende a roubar e fazer da oportunidade dinheiro. Após se ver em uma enrascada, decide roubar a arma do chefe do crime organizado, a arma era chamada de raio, pois após a pessoa fazer o primeiro disparo os seguintes vinham em uma sucessão de balas  estrondosas e letais. Ninguém sabia da origem da mesma, apenas o chefe do crime organizado, que  tinha recebido de presente por um trabalho feito a muito tempo atrás. A arma era estranhamente bela e banhada a ouro, mas por que um ladrão iria roubar um arma de um chefe do crime organizado? Ele sem dúvida colocou uma bala entre os olhos ao fazer isso, mas o desespero e a simples necessidade de sobrevivência levaram este ladrão a se aliar ao rival de seu chefe e cavar a sua própria sepultura. Ao mesmo tempo um policial novato percorria as ruas lutando contra o tráfico de drogas com seus dois colegas de farda, sem saberem que estavam sendo traídos por um de seus amigos. Essa uma é história altamente violenta que pode dar pesadelos aos desavisados, envolvidos em mistério e linguagem violenta explicita, com muitas mortes e reviravoltas.  Demonstrando as várias facetas do crime e como meras pessoas sem perspectivas acabam se envolvendo ou caindo mundo das drogas, onde prédios alcançam além do céu e cavalos tem asas.",Feminino,20,estudante,Sudeste,9267004
2017/12/09 2:43:14 AM GMT,A Cabana - William P. Young,4,,"A cabana trata-se de um livro sobre a arquitetura de uma cabana e sua construção de forma simples e clara para leigos. Ensinando desde como cortar as madeiras para a construção das paredes e portas até como fazer seu próprio vidro para colocar nas janelas. Até tem dicas para fazer isso em família, nada como o trabalho de suas próprias mãos! No livro ainda existem as medidas recomendadas de acordo com os espaço disponível e as devidas conversões, com opções de dois quartos, sala de jantar e as divisões da cabana para melhor aproveitamento, tudo bem explicado e pronto para ser usado. E como trás dicas de como fazer isso em família também contém dicas de como lidar com os conflitos por estarem todos juntos. Com o bônus de uma história de um pai que perde uma filha  e tem problemas de raiva com o próprio pai, sendo que ele próprio não consegue como lidar com a perda e a morte que aconteceram em uma cabana! Não se assuste, pois isso não se trata de um livro para a criação de uma história de terror. Não seria recomendado um livro de faça você mesmo para ocorrer uma tragédia dentro da própria casa.É uma ótima opção para quem quer fazer algo com as próprias mãos ou que por motivos econômicos não pode contratar mão de obra para fazer o trabalho. É  recomendado em todo o decorrer da construção que se use as devidas precauções de segurança de acordo com a regulação vigente de trabalho.
",Feminino,20,estudante,Sudeste,9267004
2017/12/09 2:44:13 AM GMT,O Pequeno Príncipe - Antoine de Saint-Exupéry,5,,"É um livro que é uma releitura do livro “O Princípe” de Maquiavel, retratado de uma forma mais futurista, em que um príncipe que  vive em um planeta minúsculo com um brasão de uma rosa como símbolo, deixa o seu mundo para dominar outros planetas e realidades usando toda a sorte de diplomacias políticas ou até mesmo uma espada e armas para conquistar aquilo que considera seu por direito de nascimento e de posição. Ao decorrer de toda história consegue distorcer a mente das pessoas as fazendo pensar verem uma cobra que comeu um elefante e não um chapéu como é  possível enxergar. Elevando a engenharia social a novos níveis, manipulando as pessoas a seu bel prazer sem considerar sentimentos, consequências de seus atos ou o impacto na vidas das pessoas. Vivendo de forma hedonista o pequeno príncipe  move as pessoas como peças de seu jogo de xadrez sejam reis, rainhas ou presidentes tecendo uma teia política de destruição.Sendo um ótimo livro para se tomar como exemplo de aplicação da engenharia social de forma prática e eficiente, não sendo de forma simples mas de alto desempenho. É impossível não se chocar com os resultados das tramas empreendidas e seus resultados de grande sucesso, sem ao menos uma pessoa descobrir que está sendo manipulado, para além de dar os seus bens, bancar as aventuras do príncipe dando partes de si mesmo. 

",Feminino,20,estudante,Sudeste,9267004
2017/12/09 2:45:34 AM GMT,A Menina que Roubava Livros - Markus Zusak,5,,"Em meio de um sistema político ditatorial, com pessoas sendo perseguidas e mortas por questões religiosas e políticas, uma menina com sede de conhecimento entra em um esquema de tráfico de livros para dentro do país, por ser a pessoa mais  improvável passa despercebida por todos, mas em seu quarto debaixo da cama uma montanha de livros e mais livros vai se formando e atrás de seu guarda roupa também. Aos poucos os livros vão sendo deixados em lugares escondidos, tão perto dos olhos quanto longe deles para quem não sabe ou prefere fingir não ver. Engana-se pobre leitor que pensa que são meros livros, pois existiam livros naquele país, mas apenas livros permitidos pelo governo que em sua maioria o exaltavam ou proclamavam ódio veemente a seus inimigos, e a frases ensaiadas o mesmo  discurso ia entrando na mente como uma mentira que depois de ser repetidas  muitas vezes vai tornando-se verdade para aquele que o fala. Com pequenos gestos de revolução a menina que roubava livros formava uma pequena resistência tão silenciosa e furtiva que muitos não percebiam mais que aos poucos ia se fortalecendo e ajudando outros que afetados pela guerra silenciosa sem armas e nem bombas ocorria. O livro trata-se de uma menina que combate uma guerra de ideologias que afetam muitas vidas e que querem ser implantadas a todo o custo por quem as segue.
",Feminino,20,estudante,Sudeste,9267004
2017/12/09 2:46:22 AM GMT,Jogos Vorazes - Suzanne Collins,5,,"É um guia interativo dividido em 12 capítulos sobre jogos e como divertir-se  em grupo ou até mesmo sozinho jogando-os. Cada capítulo refere-se a quantidade de jogadores, separando-os por jogos de imaginação ou até jogos de tabuleiros e resenhas do mesmo. Com um bônus de faça você mesmo de jogos é um ótimo livro para quem quer gastar pouco ao invés de comprar vários jogos sem saber do que irá gostar e a própria capa do jogo vira um tabuleiro de vida ou morte em que cada jogador tem duas vidas e cada um representa um distrito, e a cada passo do jogo novas armas são liberadas ou suplementos escondidos são abertos, nada como um pouco diversão para animar as reuniões de amigos ou as festas de família, por tratar-se de uma edição especial, é feita algumas edições por ano apenas uma vez, as pessoas podem adquirir uma quantidade limitada do livro. Por isso é importante ficar atento as datas de lançamento para adquirir o livros dentro da quantidade impressa limite, apesar do preço ser alto, no final das contas sai bem mais barato que todos os jogos que você iria adquirir se não fosse por este livro. 
",Feminino,20,estudante,Sudeste,9267004
2017/12/09 6:59:23 PM GMT,"Eu, Robô - Isaac Asimov",4,,"O livro conta a história de dois robôs que estão em uma ilha paradisíaca onde eles vivem aventuras emocionantes em torno de uma lagoa azul, quando eles resolvem entrar na lagoa e tem alguns circuitos queimados provocando o vazamento de fluidos radioativos na lagoa, tornando os peixes contaminados.
O ápice se dá quando um morador local consome um desses peixes e tem uma reação inesperada!",Feminino,44,estudante,Sudeste,9266921
2017/12/09 7:11:26 PM GMT,O Pequeno Príncipe - Antoine de Saint-Exupéry,4,,"O livro explica passo a passo como fazer uma aquarela do autor Antoine de Saint Exupéry, você irá aprender técnicas para expor a ingenuidade de uma criança e fazer a pintura de uma montanha e de um pequeno príncipe com cores e desenvolvimento simples, poderá também fazer pedras pontudas e desenhar uma aventura.",Feminino,44,estudante,Sudeste,9266921
2017/12/10 6:57:26 PM GMT,Como eu era antes de você – Jojo Moyes,4,,"Louisa Clark tem 26 anos, e está se recuperando de um grave acidente, mas acaba de conseguir um novo emprego como secretaria do diretor de uma das maiores agências de publicidade da sua nova cidade, tudo vai bem em sua vida pessoal e profissional, até que ela conhece seu novo chefe o jovem bilionário Will Traynor de 35 anos,  que apesar de muito bem sucedido, vive sua rotina de maneira automática, com a certeza de que nunca mais voltará a se envolver verdadeiramente com nenhuma mulher,  entretanto Will se atrai instantaneamente pelo jeito divertido de sua nova secretaria, o que nenhum dos dois imaginavam é que essa seria a chave para uma nova chance de ambos, a chave para um futuro feliz.",Masculino,24,Estudante,Sudeste,8910712
2017/12/10 6:58:24 PM GMT,A Cabana - William P. Young,5,,"Mackenzie Allen Phillips é um homem bem-sucedido, excelente pai e marido, casado há vários anos e com 5 filhos, sua vida vira de ponta cabeça quando sua filha mais nova adoece e acaba morrendo. Mack se culpa por isso, achando que foi um péssimo pai e que ele poderia ter feito algo para faze-la melhorar e se isola de tudo e de todos, inclusive de sua família e deixa de acreditar em Deus por ter perdido sua filha.
Cansado também de sua rotina estressante, onde nada mais fazia sentido, Mack resolve vender tudo o que tinha para se mudar para o campo, em busca de tranquilidade, é quando Mack encontra é essa cabana no campo, para onde acaba se mudando com sua família, mal sabia que este seria o lugar onde ele se reencontraria com Deus e onde sua vida voltaria aos trilhos. Mack então começa uma vida nova no campo, onde vive em paz com sua família, em sua cabana.
",Masculino,24,Estudante,Sudeste,8910712
2017/12/10 7:00:40 PM GMT,Harry Potter e o Enigma do Príncipe - J.K. Rowling,5,,"Harry, um dos mais conhecidos nomes entre aqueles que lutam contra Voldemort ( o maior e mais perigoso criminoso do mundo) agora se vê em uma situação complicada já que os planos de Voldemort começam a afetar todo o mundo. Considerado um dos melhores solucionadores de enigmas, Harry agora se vê encurralado quando surge o boato de que o príncipe de da Inglaterra, e também seu grande amigo, está envolvido nas tramas de Voldemort, mas Harry sabe que algo está errado e começa sua busca incessante por respostas a respeito dessa estranha aliança. Durante sua busca por resposta, Harry é sequestrado e percebe que ele, apesar de não saber a resposta de grandioso enigma, é a peça chave para os planos do Príncipe, já que segundo o seu grande amigo e príncipe, Harry é o único capaz de chegar a uma resposta e acabar com todo o plano.",Masculino,24,Estudante,Sudeste,8910712
2017/12/10 7:02:08 PM GMT,A Cabana - William P. Young,2,,"Este livro conta a história de dois amantes que se encontravam em uma cabana no meio da praia. Eles se conheceram durante uma chuva torrencial que os levou a se abrigar na cabana, porém o teto era de cipó e tinham muitas goteiras que deixaram a moça com a blusa toda molhada, então o rapaz resolveu ajudá-la emprestando sua blusa, o restante você vai precisar ler o livro para descobrir...",Feminino,44,estudante,Sudeste,9266921
2017/12/10 7:05:15 PM GMT,A Culpa é das Estrelas - John Green,4,,"Hazel Grace é uma jovem sonhadora, que luta contra uma grave doença, e em busca da cura, se muda para o Norte da Califórnia, para tentar um novo tratamento com o renomado Dr. Augustus Waters, um médico jovem, porém muito capacitado, durante os intervalos do tratamento o médico se comove com a história de Hazel e a leva para conhecer a nova cidade. Além de Hazel conseguir a cura tão sonhada e esperada, ainda realizará o sonho de se casar quando for pedida em casamento pelo amado Augustus no seu lugar favorito da cidade.",Masculino,24,Estudante,Sudeste,8910712
2017/12/10 7:08:42 PM GMT,A Menina que Roubava Livros - Markus Zusak,1,,"Você irá se divertir com a história dessa menina que roubava livros na cafeteria mais famosa da cidade de Nova York, as pessoas iam tomar café e ao deixarem seus livros sobre a mesa, num piscar de olhos a menina os pegava e com sua técnica mágica, os escondia sob suas roupas coloridas de tecido indiano muito bem lavadas e com um cheiro particular de jasmim das montanhas, jamais alguém desconfiou dela, até que um dia..",Feminino,44,estudante,Sudeste,9266921
2017/12/10 7:14:32 PM GMT,O Ladrão de Raios - Rick Riordan,5,,"O ladrão de raios foi o carro utilizado para o Prof alimentar sua máquina do tempo, aquele raio caiu sobre a torre da Igreja sendo conduzido por um enorme fio até que o carro absorveu toda sua energia, transformando em cosmo mirabolante e levando seu aluno duas décadas a frente de seu tempo, o suspense se dá quando ele tenta voltar ao seu tempo e nao consegue capturar um raio tão facilmente como no passado.",Feminino,44,estudante,Sudeste,9266921
2017/12/10 10:41:59 PM GMT,Crepúsculo - Stephenie Meyer,5,,"Isabella Swan, é uma adolescente de 17 anos, que vive em Forks com os pais desde que nasceu, apesar de ser a garota mais bonita e popular do colégio nunca se interessou por nenhum garoto da pequena cidade, até o primeiro dia de aula do 3° ano, quando viu pela primeira vez Edward Cullen o garoto que se mudou do Alasca recente com a familia, e que perdeu Alice sua irmã gêmea  em um grave acidente há 5 anos,  desde muito pequenos Edward e a irmã eram muito ligados, e mesmo após a morte de Alice, eles possuíam uma ligação e todo dia 30 de novembro, dia do aniversário deles, no horário do Crepúsculo Edward conseguia ver e conversar com a Alice, assim naquele primeiro dia de aula, no momento em que viu Isabela pela primeira vez, soube o porquê da irmã pedir para se mudarem para  pequena cidade do estado de Washington, pois ela sabia que o seu futuro e a sua felicidade estaria ali.",Masculino,24,Estudante ,Sudeste,8910712
2017/12/10 10:42:49 PM GMT,A Culpa é das Estrelas - John Green,1,,"O livro não passa de uma narrativa depressiva sobre o sofrimento de dois adolescentes com câncer. É uma sequência de eventos tristes, sobre o dia-a-dia deles internados em um hospital especializado na doença. Não tem nada a acrescentar, nenhuma história de vida ou de esperança. Sem reviravoltas surpreendentes. Não recomendo.",Feminino,24,Estudante,Sudeste,7961652
2017/12/10 10:51:21 PM GMT,Lua Nova - Stephenie Meyer,1,,"Apenas mais uma continuação da saga de livros péssimos de Stephenie Meyer onde dois jovens vivem um romance proibido que muda de acordo com as fases da lua. Além de tudo, denigre a imagem das lendas que são os vampiros. Não entendo por qual motivo essa saga continua. Deveria ser banida de todas as prateleiras do país.",Feminino,24,Estudante,Sudeste,7961652
2017/12/10 10:56:14 PM GMT,Harry Potter e o Prisioneiro de Azkaban - J.K. Rowling,5,,"Nesse livro o lendário Harry Potter é sequestrado por um dos mais violentos e perigosos prisioneiros de Azkaban. A narrativa é de tirar o fôlego, cheia de momentos tensos, horripilantes. Não acredito que seja um livro recomendado para menores de idade por conter momentos de pura violência e tortura. Ainda assim, é um dos meus favoritos.",Feminino,24,Estudante,Sudeste,7961652
2017/12/10 11:00:06 PM GMT,O Pequeno Príncipe - Antoine de Saint-Exupéry,1,,"Um dos livros mais entediantes que já li. Descreve o dia de um príncipe que se perde entre os casebres de seu reino e tem que aprender a se esconder, pois se for reconhecido poderá ser linchado pela população que sofre de muita fome. Ao final do livro, o Príncipe consegue retornar ao seu castelo com algumas lições que talvez farão dele um Rei melhor que seu pai. Ainda assim, é um livro que não acrescenta em nada. Perdi meu tempo.
",Feminino,24,Estudante,Sudeste,7961652
2017/12/10 11:08:48 PM GMT,Dom Casmurro - Machado de Assis,4,,"O livro conta uma história de adultério. Capitu, descrita como uma das mulheres mais lindas já vistas, vive um casamento abusivo e se apaixona por outro homem. Esse sim um homem decente. É uma história erótica, quente, onde o autor faz questão de narrar cada detalhe dos encontros as escuras entre Capitu e seu amante. ",Feminino,24,Estudante,Sudeste,7961652
2017/12/10 11:21:50 PM GMT,As Vantagens de Ser Invisível - Stephen Chbosky,4,,"A história de Macabéa é contada passo a passo por seu autor, de um modo que os leitores acompanhem o seu processo de criação. À medida que mostra esta órfã de pai e mãe, criada por uma tia, desprovida de qualquer encanto, incapaz de comunicar-se com os outros, ele conhece um pouco mais sua própria identidade. A descrição do dia-a-dia de Macabéa como datilógrafa, o namoro com Olímpico, seu relacionamento com o patrão e com a colega Glória e o encontro final com a cartomante estão sempre acompanhados por convites constantes ao leitor para ver com o autor de que matéria é feita a vida de um ser humano que se sente invisível",Feminino,21,Estudante,Sudeste,9267046
2017/12/10 11:27:30 PM GMT,A Cabana - William P. Young,5,,"Mackenzie tem uma paixão platônica pela magnífica vizinha e colega de escola Allen. Até que em um cinco de maio que poderia ter sido outro dia qualquer, ela invade sua vida pela janela de seu quarto, com a cara pintada e vestida de ninja, convocando-o a fazer parte de um engenhoso plano de vingança. E ele, é claro, aceita. 
Assim que a noite de aventuras acaba e um novo dia se inicia, Mack então descobre que o paradeiro da sempre enigmática Allen é agora um mistério. No entanto, ele logo encontra pistas e começa a segui-las. Impelido em direção a um caminho tortuoso, quanto mais Mack se aproxima de Allen, mais se distancia da imagem da garota que ele achava que conhecia.
",Feminino,21,Estudante,Sudeste,9267046
2017/12/10 11:31:22 PM GMT,O Mar de Monstros - Rick Riordan,2,,"Novos e conhecidos personagens do Acampamento Meio-Sangue dividem espaço nesse livro. Rick Riordan volta ao universo de Percy Jackson com ainda mais aventuras, humor e mistério.

Depois de salvar o Olimpo do maligno titã Cronos, Percy Jackson e seus amigos trabalharam duro para reconstruir seu mais querido refúgio, o Acampamento Meio-Sangue. É lá que a próxima geração de semideuses terá de se preparar para enfrentar uma nova e aterrorizante profecia.

Os campistas seguirão firmes na inevitável jornada, mas, para sobreviver, precisarão contar com a ajuda de alguns heróis, digamos, um pouco mais experientes - semideuses dos quais todos já ouvimos falar... e muito.",Feminino,21,Estudante,Sudeste,9267046
2017/12/10 11:42:02 PM GMT,Eclipse - Stephenie Meyer,1,,"'Havia algo que Edward não queria que eu soubesse. Algo que Jacob não teria escondido de mim. Algo quepôs tanto os Cullen quanto os lobos no bosque, movendo-se juntos numa proximidade perigosa. (…) Algo que eu, de algum modo, esperava. Que eu sabia que aconteceria de novo, tanto quanto desejava que jamais acontecesse. Nunca teria um fim, teria?'
Estar irrevogavelmente apaixonada por um vampiro é tanto uma fantasia como um pesadelo, costurados em uma perigosa realidade para Bella Swan. Empurrada em uma direção por sua intensa paixão por Edward Cullen, e em outra por sua profunda ligação com o lobisomem Jacob Black, ela resistiu a um tumultuado ano de tentação, perda e conflito até o momento da decisão definitiva. A escolha entre fazer parte do obscuro, mas sedutor, mundo dos imortais ou permanecer vivendo como humana se tornou o marco que poderá transformar o destino dos dois clãs: vampiros e lobisomens. Agora que Bella, tomou sua decisão, uma corrente de acontecimentos sem precedentes se desdobrará, com consequências devastadoras. No momento em que as feridas parecem prontas para ser cicatrizadas, e os desgastantes confrontos da vida de Bella, resolvidos, isso pode significar a destruição. Para todos. Para sempre.",Feminino,21,Estudante,Sudeste,9267046
2017/12/10 11:45:42 PM GMT,A hora da estrela - Clarice Lispector,3,,"A história de Macabéa é contada passo a passo por seu autor, o escritor Rodrigo S.M. (um alter-ego de Clarice Lispector), de um modo que os leitores acompanhem o seu processo de criação. O romance conta o amor de um branco, Olímpico de Jesus, pela índia Macabéa, a virgem dos lábios de mel. Entre guerras e conflitos, ciúmes e disputa de poder, a história desse amor proibido tem como pano de fundo a cultura indígena e a miscigenação do branco com o índio.",Feminino,21,Estudante,Sudeste,9267046
2017/12/10 11:55:04 PM GMT,Querido John - Nicholas Sparks,4,,"Aos dezessete anos Savannah Lynn Curtis vê sua vida virada de cabeça para baixo, quando seus pais se divorciaram e seu pai decide se mudar. Três anos depois, ela continua magoada e distante dos pais, particularmente do pai. Entretanto, sua mãe decide que seria melhor para os filhos passarem as férias de verão com o pai.

O pai de Savannah vive uma vida tranquila na cidade, absorto na criação de uma obra de arte que será a peça central da igreja local. Ressentida e revoltada, Savannah rejeita toda e qualquer tentativa de aproximação dele e ameaça voltar antes do verão acabar. É quando Savannah Lynn Curtis conhece John Tyree, o garoto mais popular da cidade, e conforme vai baixando a guarda começa a apaixonar-se profundamente por ele, abrindo-se para uma nova experiência que lhe proporcionará uma imensa felicidade – e dor – jamais sentida.
",Feminino,21,Estudante,Sudeste,9267046
2017/12/11 1:10:52 AM GMT,O Pequeno Príncipe - Antoine de Saint-Exupéry,4,,"Livro para todas as idades, nível de entendimento em camadas, vocabulário bem simples, no entanto o livro mostra que conforme o leitor tenha mais vivência, consegue ler nas entrelinhas do livro e chegar a significados mais profundos, um excelente livro para ler quando pequeno e ir relendo conforme entra em um novo ciclo da vida. Livro dotado de sabedoria oculta, a cada nova leitura, uma nova interpretação aparece.",Masculino,23,estudante,Sudeste,7961732
2017/12/11 1:11:42 AM GMT,A Culpa é das Estrelas - John Green,4,,"Livro não recomendado para pessoas extremamente sensíveis, contém uma grande carga sentimental que abalará as estruturas até das pessoas mais frias. Porém temos duas mensagens que todo ser humano deveria carregar dentro de si, “aproveite o tempo que tem pois não sabemos se teremos o amanhã” e “não deixe que as suas limitações te impeçam de viver a sua vida”",Masculino,23,estudante,Sudeste,7961732
2017/12/11 1:12:19 AM GMT,A Cabana - William P. Young,4,,"Neste livro vemos nada mais nada menos que o homem tentando se aproximar de Deus através da fé a da religiosidade, livro extremamente indicado para pessoas que estão com a fé enfraquecida e precisam se um estímulo para voltar a crer, um livro que carrega uma mensagem essencial para qualquer seguidor de Deus.",Masculino,23,estudante,Sudeste,7961732
2017/12/11 1:15:24 AM GMT,A Menina que Roubava Livros - Markus Zusak,2,,"Apesar do pano de fundo promissor da narrativa, a Segunda Guerra Mundial, a menina Liesel Meminger não cativa o leitor. Com personagens mal construídos e uma trajetória entediante, A Menina que Roubava Livros oferece a quem lê uma trama previsível e recheada de clichês. Livro para crianças e insones.",Masculino,23,estudante,Sudeste,7961732
2017/12/11 1:15:54 AM GMT,Dom Casmurro - Machado de Assis,3,,"Clássico da Literatura brasileira, leitura obrigatória de vestibular quase que anualmente, com mistérios indecifráveis até hoje, livro dotado de ambiguidade que fará até o mais vívido leitor parar e refletir sobre os fatos lidos e tentar chegar a uma conclusão que provavelmente será refutada por outro leitor tão vívido quanto.",Masculino,23,estudante,Sudeste,7961732
2018/02/22 12:25:38 PM GMT,O Código Da Vinci (The Da Vinci Code) - Dan Brown,1,Sim,"A leitura é enfadonha seguindo uma fraca sequência de episódios previsíveis, na qual o protagonista avança na sua tentativa de solucionar mistérios óbvios relacionados às obras do Da Vinci. O livro narra poucas horas da aventura com teorias de conspiração e segredos que teriam sido criados por uma sociedade secreta nos tempos de Jesus Cristo, denegrindo tanto a reputação de Da Vinci quanto a de Jesus.  ",Masculino,38,Analista TI,Sudeste,
2018/02/23 12:45:56 PM GMT,A Culpa é das Estrelas - John Green,5,Não,"Comecei a ler o livro esperando me derreter em lágrimas com uma história de e para adolescentes. Me surpreendi ao me deparar com uma história de vida rica e dramática, que faz refletir jovens e adultos de todas as idades. Os personagens principais têm personalidades complexas e intrigantes. A história, muito original, faz o leitor não querer interromper a leitura. E este chega ao fim com a sensação de conhecer um pouco mais da vida.",Feminino,59,Professora aposentada,Sudeste,
2018/02/28 1:04:11 AM GMT,O Mar de Monstros - Rick Riordan,4,Não,"Em “O mar de Monstros”, você encontra uma grande aventura que se passa em universo fantástico cheio de ação, magia e mitologia. O Autor, Rick Riordan, descreve esse universo em sintonia com fatos contemporâneos, fazendo com que a imersão do leitor durante a leitura seja ainda maior e estimulante. A aventura é protagonizada por Percy Jackson e seus amigos, que juntos partem em busca de um artefato mágico, o Velocino de Ouro, para proteger seus lares, que está sendo ameaçado por um inimigo misterioso.",Masculino,28,Cientista de Dados,Centro-Oeste,
2018/03/02 2:08:34 PM GMT,A Menina que Roubava Livros - Markus Zusak,5,Sim,"O autor se esforça, em vão, para criar um romance a partir de uma história ingênua de uma ladra de livros. O enredo é pobre e o ritmo é lento demais. O final é previsível e inverossímil. Quis abandonar a leitura nas primeiras páginas, mas segui em frente pois achei chato devolver a quem me emprestou sem ter lido. Nunca mais leio esse autor!",Feminino,59,professora,Sudeste,
2018/03/22 7:28:52 PM GMT,O Código Da Vinci (The Da Vinci Code) - Dan Brown,2,Sim,"Livro muito complexo e de difícil compreensão. O autor é muito detalhista para descrever as cenas e seus cenários, tornando-o confuso e cansativo. Além disso, muito dados apresentados no livro não são verídicos, o que pode induzir leitores desavisados a uma compreensão errônea acerca de ícones e da história da igreja católica.",Feminino,27,Informata Biomédica,Sudeste,
2018/03/22 7:32:44 PM GMT,Extraordinário,3,Sim,"O livro tem uma escrita de fácil interpretação e bastante agradável. Qualquer criança consegue entender o palavriado simples. Tal fato é tão destacado que o torna infantil e superficial, incapaz de nos remetir a uma reflexão mais profunda, fato ao qual se propõe este livro. Recomendo apenas para crianças ou, no máximo, adolescentes.",Feminino,27,Consultora,Sudeste,
2018/03/22 7:34:55 PM GMT,O Código Da Vinci (The Da Vinci Code) - Dan Brown,2,Sim,"Livro completamente previsível, não há nenhum tipo de elemento surpresa no discorrer da história, temos uma trama muito mal descrita e que dá  margem para não entender direito as passagens ""importantes"", também o livro ofende as pessoas de fé cristã, ja que satiriza pessoas religiosas católicas trazendo uma série de calúnias a respeito da igreja.",Feminino,23,Analista de sistemas,Sudeste,
2018/03/22 8:14:23 PM GMT,O Pequeno Príncipe - Antoine de Saint-Exupéry,4,Sim,"Nesta historia sobre o envelhecimento, Antoine de Saint-Exupéry aborda temas como a perda dos sonhos e o medo da morte na terceira idade. A historia tem como protagonista um monarca de 68 anos , que resolve fazer uma longa viagem para fora de seu reino na busca de reencontrar a paixão pela vida, perdida na sua juventude após a primeira decepção amorosa. Nessa busca incansável pelo reencontro com a juventude,  ele conhece Rosa e com ela descobre que cada etapa da vida é unica e insubstituível, porque o Tempo, o soberano mais cruel da natureza, nunca desfaz a seu caminho.",Feminino,23,WebDeveloper,Sudeste,
2018/03/22 8:40:31 PM GMT,O apanhador no campo de centeio,5,Sim,"A obra retrata a jornada de um jovem garoto, Holden Caulfield, que após ser expulso de um tradicional colégio americano por comportamento subversivo, ingressa em uma aventura durante um fim de semana em Nova York antes de retornar para casa. Holden, que fora expulso do colégio por suas práticas homossexuais no alojamento masculino, passa então a consumir álcool, drogas e ter com meretrizes, nesta que é a principal obra do chamado marxismo cultural do século XX e que visa perpetuar a ideologia de gênero. Importante também destacar que além do desserviço que este autor, com sua obra, prestou para a formação de jovens de toda uma geração, foi também elemento chave e motivador para o assassinato de John Lennon.",Masculino,21,Estudante,Sudeste,
2018/03/22 8:47:11 PM GMT,Dom Casmurro - Machado de Assis,5,Sim,"Traição ou síndrome sem perseguição? Intuição ou problemas mentais? Como você lidaria com uma possivel traição dos amores da sua vida? 
Em Dom Casmurro, Machado de Assis encanta com a poesia e palavras doces ao narrar sua triste história de amor, onde ele descobre que sua mulher havia lhe traído com seu melhor amigo, Escobar, e seu filho era fruto desse amor. A mulher do amigo, descobrindo a traição,  mata sua melhor amiga envenenada. Por fim, Escobar morre de culpa e depressão, deixando Bertinho viver uma nova história de amor com sua mulher.",Feminino,21,Estudante,Sudeste,
2018/03/22 10:24:20 PM GMT,Harry Potter e as Relíquias da Morte - J.K. Rowling,5,Sim,"O livro conta com personagens extremamente pobres em personalidade e uma história completamente banal. Provavelmente até mesmo os fãs mais fiéis da franquia ficaram decepcionados com o final que deveria fechar toda a saga de uma geração com chave de ouro, mas a escritora acabou sendo corrompida pelos clichês e criou um final sem sentido e que ninguém conseguiu entender nada.",Masculino,23,Programador web,Sudeste,
2018/03/22 10:49:36 PM GMT,Admirável Mundo Novo,5,Sim,"Em 1932, Aldous Huxley dava vida ao que seria um dos livros mais influentes da história da literatura distópica. Em seu Admirável Mundo Novo, Huxley foi capaz de tecer finamente uma grande crítica ao comunismo:um tipo de sociedade homogênea, que despreza a meritocracia, os  valores familiares (destruída então pela imposição da identidade de gênero pelo estado fundado por grupos esquerdistas, principalmente as feministas), fundamentado no Marxismo Cultural e patrocinado pelo magnata illuminati George Soros, que objetiva o domínio completo do globo e a redução da Humanidade a 200.000 indivíduos. Este aclamado livro é recomendado para o ensino nos cursos de história e filosofia e previu todas as mazelas provocadas pelo sistema de governo Nazista. Leitura mais que recomendada - corra já e compre o seu livro!!! ",Masculino,36,estudante,Sudeste,
2018/03/23 1:18:07 AM GMT,Dom Casmurro - Machado de Assis,5,Sim,"Personagem alegre , jovial , amado por todos. Morre depois de se envolvrr em jogos de azar. Viveu no Rio de Janeiro , quando era capital do Brasil. Solteirao invicto. Muitas mulheres tentarao fisg6a - lo. Mas ele tinha sempre a mae ameacando _o e detestando cada donzela q se aproximasse
.Morreu antesde sua mae...ele tinha delirios , andava oelas ruas gritando "" ao vencedor , as batatas"" . Supoe-se que a morte dele nao fez sua mae sofrer.",Feminino,56,Professora,Sudeste,
2018/03/23 1:41:36 AM GMT,O Pequeno Príncipe - Antoine de Saint-Exupéry,4,Sim,"O príncipe é uma criança que parece ingênua, todos tentam enganá-lo. Ele representa a população analfabeta que não sabe votar e quer eleger um presidente que seja honesto e competente para ser seu representante, mas com toda sua simplicidade ensina, através das fábulas que conta, o caminho para quebrar esse paradigma.",Feminino,51,Professora,Sudeste,
2018/03/23 2:10:35 AM GMT,Jogos Vorazes - Suzanne Collins,5,Sim,"Nesta aventura, uma garota normal se vê obrigada a enfrentar os perigos de um festival brutal, sangrento e malicioso, inventado pelo governo para controlar as pessoas dos distritos. Ao longo da narrativa, são desenroladas os detalhes mais pessoais, obscuros e polêmicos de Katniss e seu parceiro bonito, inteligente e sedutor: Peeta. As aventuras entre os dois e os jogos, e como são descritas as cenas amorosas causam espanto e curiosidade dos leitores, já que as cenas são detalhadamente trabalhadas. Descubra os segredos mais sujos de Katniss; entenda as atitudes mais sombrias e sedutoras de Peeta. Mergulhe em uma história polêmica e que retrata os detalhes de uma garota comum e ao mesmo tempo poderosa.",Masculino,20,Estudante,Sudeste,
2018/03/23 3:06:37 AM GMT,Harry Potter e a Pedra Filosofal - J.K. Rowling,5,Sim,"É um livro bastante recomendado para pessoas que sofrem de ansiedades e transtornos psicológicos, foi comprovado que é eficaz no tratamento desses problemas, pois induz a mente a pensar e trabalhar mais, diminuindo os picos de ansiedade. Sem contar que é uma história altamente envolvente e espirituosa, que faz qualquer leitor se apaixonar e esperar pela continuação.",Feminino,22,Estudante,Sudeste,
2018/03/30 11:01:13 AM GMT,A Menina que Roubava Livros - Markus Zusak,3,Não,"A menina que roubava livros apesar de ser um best seller, aclamado pelas críticas possui alguns pontos negativos que realmente incomoda ao leitor que espera uma história realmente nova e impactante. O autor utiliza-se de muitos cliches e (lá vamos nós de novo) segunda guerra mundial. No final, temos um livro bem escrito, mas com uma história que não convence, não trata nem da segunda guerra com propriedade, muito menos a história principal, parece que o autor escolheu ""a dedo"" elementos que vendem pra fazer a alegria das massas. Deu certo, vendeu muito, mas para os amantes de uma boa leitura... Bem, não espere grande coisa desse título. Nota 3/10. ",Masculino,28,Estudante,Sudeste,
2018/04/02 5:32:59 PM GMT,A Cabana - William P. Young,5,Sim,"O livro relata a história de amor entre um homem que viaja para o interior para se recuperar de um termino de um casamento de 25 anos e uma mulher solteira com mais de 40 anos sem filho, viajando para se redescobrir, se reinventar e pensar como tem agido nos últimos relacionamentos. Após uma série de imprevistos e atritos, acabam descobrindo uma paixão. ",Feminino,30,Publicitária,Sudeste,
2018/04/04 12:13:57 AM GMT,Jogos Vorazes - Suzanne Collins,2,Não,"Jogos Vorazes por Suzanne Collins é um livro de aventura que leva o leitor para as aventuras da Katinss Everdeen que busca confrontar o sistema político estabelecido no Capital. Por mais que as aventuras da Katniss sejá interessante e o fato do livro ser popular entre jovens,, o tom político do livro é é tão forte que alguns governos estão considerando banir o livro nos seus respectivos países.. ",Masculino,24,estudante,Sudeste,
2018/04/12 1:30:53 AM GMT,O Conde de Monte Cristo,5,Sim,"Posso dizer que esse livro prende a atenção de qualquer pessoa, onde em cada página acaba surgindo uma nova surpresa. É uma obra impressionante, recheada de intrigas, traições, dramas, revolução, política, romance e, claro, vingança.
O livro conta a história de um jovem e audacioso marinheiro que é acusado injustamente por assassinato. Com isso, ele acaba sendo preso e lutando para sobreviver dentro de uma pequena sela em uma prisão na cidade de Madri na Espanha. Após 2 anos preso, ele consegue fugir e acaba se vingando de todos de um forma imaginável. 
Não tenho dúvidas ao afirmar que esse foi um dos melhores livros que já li. 

",Masculino,26,Analista de Produção,Sudeste,
2018/04/12 2:53:31 PM GMT,O Pequeno Príncipe - Antoine de Saint-Exupéry,5,Sim,"Um livro embora pareça ser escrito para crianças, é uma obra para adultos.  Suas palavras possuem  conotações mais profundas, que nāo poderão ser notadas em uma simples leitura. Esta obra transmite uma volta a infância. A leitura nos faz refletir sobre os nossos próprios sentimentos e dos outros. Esta obra literária aborda em varias partes o valor das coisas. Podemos concluir que o verdadeiro valor de algo ou de alguém não pode ser visto como uma visão superficial. ",Feminino,34,Enfermeira,Sudeste,
2018/04/15 2:18:02 PM GMT,A Culpa é das Estrelas - John Green,1,Sim,"Esse livro conta a jornada de uma adolescente que tem câncer e no decorrer do tratamento da doença ela conhece um outro adolescente num grupo de apoio, que também está lutando contra o câncer. Eles se unem para conseguir passar por isso juntos e de uma amizade nasce um grande amor entre eles. O livro tem uma escrita bem cansativa, me peguei varias vezes tendo que me forçar a terminar o capítulo. Além de os personagens serem bem superficiais, não permitindo que o leitor mergulhe de cabeça na história. ",Feminino,24,Estudante,Sudeste,
2018/05/22 2:50:51 AM GMT,A Cabana - William P. Young,3,Sim,"O livro começa contando a história de um homem,com uma família muito desunida,que acaba matando sua filha por um momento de loucura e Deus nesse momento de fugir do crime mostra uma cabana que torna-se seu esconderijo e momento de conversão.Após encontrar-se com Deus na cabana ele se arrepende de seus altos e é perdoado pela sua família.O livro torna-se chato no momento em que a menina morre,pois o homem acaba julgado a Deus por seus atos.",Feminino,28,Enfermeira,Sudeste,
2018/05/23 2:58:31 AM GMT,A Culpa é das Estrelas - John Green,5,Sim,"Hazel é uma paciente terminal ainda que ,por um milagre da medicina,seu tumor tenha escolhido bastante. O que lhe dá a promessa de viver mais alguns anos. O último capítulo de sua história foi escrito no momento do diagnóstico, mas em todo bom enredo há uma reviravolta, e a de Hazel se chama Augustus Waters um garoto bonito que certo dia aparece no grupo de apoio a crianças com câncer. Juntos, os dois vão preencher o pequeno infinito das páginas em branco de suas vidas. Hazel é Augustu se casam em nova Iorque e teve uma linda filha se chamada Hilary que significa ""alegria"", aquela que contagia pela sua alegria ,""aquela que transmite felicidade"" mas infelizmente Hazel não aguentou no parto e acabou falecendo e deixando August e hilary",Feminino,14,Estudante,Sudeste,
2018/05/24 12:25:00 AM GMT,O Ladrão de Raios - Rick Riordan,5,Sim,"É incrível como o mito nordico, transforma os animais em imagens perfeitas dos próprios seres humanos. E o que nos diferencia deles;Pelos? Cauda? Presas? Pode até ser! Mas, os animais possuem muito mais coisas pra invejar o homem do que o contrário. Nascemos já conscientes das nossas limitações, e é isso que nos motiva a querer escrever o nosso nome de um jeito magnífico na história, para assim sermos lembrados, para sermos ""imortais, para sermos Heróis.

O que torna o Irineu2° um candidato a ser herói, não é apenas o fato dele ser um filho do leão Irineu 1°. Mas, a sua grande necessidade de provar a todos ao seu redor, e a sí mesmo, que ele tem algo de muito importante a realizar, que ele é um predestinado. Nessa busca em tentar provar valores, inocência e sobretudo em livrar a floresta de uma queimada, é que Irineu2° consegue ser um mortal diferente, um homem capaz de desafiar os animais e tocar na ferida mais doida de um ser supremo: A capacidade do homem em se entregar de corpo em alma, em uma busca para realizar um sonho, um objetivo. Os animais não possuem essa capacidade, pois o orgulho os impede de serem iguais aquilo quecomem, que dominam e que tratam como joguetes de uma luta eterna.

Irineu2° é a imagem do homem em busca de um reconhecimento fora do comum, que tem um destino que o leva a fazer tarefas loucas, e que faz de sentimentos como: amor, amizade, fé, e confiança um trunfo importantíssimo em sua luta.

Com referências sensacionais a mitologia nordica, um forte apelo a potencialização americana, olhar crítico a poluição ambiental causada pelo homem, e licenças poéticas sensacionais, Percy Jackson veio pra ficar com sua originalidade e potência. 

Só resta ler, e esperar que o Crrocodilo Rei torne Irineu2° naquilo que ele nasceu pra ser: Guerreiro, Herói... Lenda... e não jantar!
",Masculino,14,estudante,Sudeste,
2018/05/24 6:56:18 PM GMT,Harry Potter e a Câmara Secreta - J.K. Rowling,3,Sim,"Eu gostei muito, pois se passa em um mundo onde tudo é fantástico,, feito com magia.
Mas como quase todo livro acontece algo de ruim, para dar um pouco de emoção.
Harry enfrenta um basilisco que o mata, mas com a ajuda de seus amigos, revivem Harry, e juntos matam o basilisco, e então todos se salvam, mas o basilisco era apenas uma orcrux, uma parte da alma de Voldemort.
Com isso, a pessoa que lê o livro tem vontade de ler outros da saga  para saber se há alguma continua na história.",Masculino,14,Estudante,Sudeste,
2018/05/24 7:06:38 PM GMT,Crepúsculo - Stephenie Meyer,4,Sim,"A história de crepúsculo é sobre Bella Swan, uma garota vampira que só ela conseguia sair ao sol. Ela morava junto com seu pai na cidade de Forma, então como ela não gostava de onde morava, se mudou para a cidade de Phoenix, e lá, ela acaba conhecendo um rapaz q não era vampiro, e quando ele a conheceu não sabia que ela era vampira, mas quando ele descobriu, ele acabou ficando com medo e já logo pegou uma estaca de madeira e fincou no seu peito. É assim ele acaba matando ela.",Masculino,14,Estudante,Sudeste,
2018/05/24 9:16:50 PM GMT,A Culpa é das Estrelas - John Green,4,Não,"   Hazel Grace é uma jovem de 16 anos que foi diagnosticada com câncer no pulmão, médicos acreditam que o problema tenha vindo a ocorrer devido ao uso constante de perfumes, que por sua vez contém substâncias tóxicas e prejudiciais ao organismo.
  Outro caso foi o de Augustus Waters, jovem de 17 anos que foi diagnosticado com o mesmo problema quando tinha apenas 14 anos de idade.
  Médicos aconselham fazer uso do produto apenas uma vez no dia para que novos casos não venham a ocorrer.
   Gostei do livro porque mostra uma história de superação de um jovem que sofria de câncer no pulmão mas que se recuperou com a ajuda de tratamentos pagos pelo seu irmão mais velho mas que ela nunca veio a conhecer.",Masculino,14,Estudante,Sudeste,
2018/05/24 10:02:50 PM GMT,A Culpa é das Estrelas - John Green,4,Sim,"Bem Grace é uma adolescente que conviveu com o câncer durante sua vida toda. Aos dezesseis anos sua mãe pedcebeu que está há um pouco depressiva, por isso a colocou em um grupo de apoio, que fica no hospital. Em certo momento ela esbarro em um garoto, ele a convidou para sair. No encontro ele descobriu a indignação dela por uma história não terminada, eles buscam o autor do livro para acha o fim. Felizmente eles conseguem, porém algum tempo depois, por causa das grandes emoções, o dois falecem, sabendo do amor que um tem pelo outro.
Eu nao gosto muito do filme pois, não gosto de filmes como este.",Feminino,14,Estudante,Sudeste,
2018/05/24 10:03:54 PM GMT,A Culpa é das Estrelas - John Green,4,Sim,"Bem Grace é uma adolescente que conviveu com o câncer durante sua vida toda. Aos dezesseis anos sua mãe pedcebeu que está há um pouco depressiva, por isso a colocou em um grupo de apoio, que fica no hospital. Em certo momento ela esbarro em um garoto, ele a convidou para sair. No encontro ele descobriu a indignação dela por uma história não terminada, eles buscam o autor do livro para acha o fim. Felizmente eles conseguem, porém algum tempo depois, por causa das grandes emoções, o dois falecem, sabendo do amor que um tem pelo outro.
Eu nao gosto muito do filme pois, não gosto de filmes como este.",Masculino,14,Estudante,Sudeste,
2018/05/24 10:59:44 PM GMT,A Culpa é das Estrelas - John Green,4,Sim,"A culpa é das estrelas narra o romance de dois adolescentes que se conhecem (e se apaixonam) em um Grupo de Apoio para Crianças com Câncer: Hazel, uma jovem de dezoito anos que sobrevive graças a uma droga revolucionária que detém a metástase em seus pulmões, e Augustus Waters, de dezessete, ex-jogador de futebol que perdeu a perna para o osteosarcoma. Como Hazel, Gus é inteligente, tem ótimo senso de humor e gosta de brincar com os clichês do mundo do câncer .
Gus além de ter perdido a sua perna para um câncer , no final do livro ele também perde Hazel a menina por quem ele se apaixonou.
– a principal arma dos dois para enfrentar a doença que lentamente drena a vida das pessoas.
Inspirador, corajoso, irreverente e brutal, A culpa é das estrelas é a obra mais ambiciosa e emocionante de John Green.",Feminino,14,Estudante,Sudeste,
2018/05/24 11:01:48 PM GMT,Supernatural,5,Sim,"dean Winchester cresceu caçando coisas abomináveis, mas isso é coisa do passado. A faculdade de Direito combina com ele, assim como segurança e normalidade. Isso até seu irmão sam aparecer com notícias perturbadoras: o mae deles, uma mulher que vem caçando criaturas do mal há 22 anos, desapareceu. Agora, para encontrá-la, os irmãos precisam caçar o que seu mae caçava e dean se vê de volta à vida que pensava ter abandonado para sempre.",Masculino,15,estudante,Sudeste,
2018/05/25 2:13:26 AM GMT,A Culpa é das Estrelas - John Green,3,Sim,"    A CULPA É DAS ESTRELAS 
     -------------------------------------------
   Hazel Grace é uma adolescente de dezessete anos que aos treze anos descobriu um câncer na tireóide com metástase nos pulmões.
    Desde então convive diariamente com um caninho no nariz e carrega uma garrafa de oxigênio preso em um carrinho de aço .
     Esses tubos facilitam a respiração da jovem . Quando a mãe percebe que sua filha está em depressão ela decide ajudar a filha (levando ela para uma clínica ) para crianças e jovens da idade dela com câncer nos pulmões.
     O líder do grupo (Patrick) em todos os encontros ele falava sobre a sua luta contra o câncer no pulmão e nos testículos .
    No grupo todod falavam um pouco da sua luta e como foi Lutar e Lutar .... No caso da Hazel foi diferente dos outros a história dela foi mais chamativa , mostrou fatos da vida que ela sofria muito , ela tinha um sonho de ter uma família , como construir seus sonhos como qualquer outra pessoa tem ou quer ! 
     A aparência dela é *(uma menina doce , meiga e simpática)* .
     Serto dia aparece um rapaz dizoito anos , porém chamou a atenção dela ->era alto, magro porém músculoso , tinha cabelo curto , olhos azuis e sua voz era baixa e aveludada .
     Ele conversou com ela falou oq está acontecendo com ele e oque ele já passou .
     Quando ele chega na vida dela , ela fica mais triste , não sorria mais , ela não brincava mais e ela disse a ele ! Que o sonho dela era fica no por do sol na divisória de um país pro outro ! Ele realizou esse sonho dela .
     Chega uma hora que ela cansa e pula da ponte para acabar com o sofrimento de uma vez !!!! Ele morreu com câncer de pele porém pulou na frente de um caminhão ...

FIM....... ",Masculino,14,Estudante,Sudeste,
2018/05/25 2:14:35 AM GMT,A Culpa é das Estrelas - John Green,3,Sim,"    A CULPA É DAS ESTRELAS 
     -------------------------------------------
   Hazel Grace é uma adolescente de dezessete anos que aos treze anos descobriu um câncer na tireóide com metástase nos pulmões.
    Desde então convive diariamente com um caninho no nariz e carrega uma garrafa de oxigênio preso em um carrinho de aço .
     Esses tubos facilitam a respiração da jovem . Quando a mãe percebe que sua filha está em depressão ela decide ajudar a filha (levando ela para uma clínica ) para crianças e jovens da idade dela com câncer nos pulmões.
     O líder do grupo (Patrick) em todos os encontros ele falava sobre a sua luta contra o câncer no pulmão e nos testículos .
    No grupo todod falavam um pouco da sua luta e como foi Lutar e Lutar .... No caso da Hazel foi diferente dos outros a história dela foi mais chamativa , mostrou fatos da vida que ela sofria muito , ela tinha um sonho de ter uma família , como construir seus sonhos como qualquer outra pessoa tem ou quer ! 
     A aparência dela é *(uma menina doce , meiga e simpática)* .
     Serto dia aparece um rapaz dizoito anos , porém chamou a atenção dela ->era alto, magro porém músculoso , tinha cabelo curto , olhos azuis e sua voz era baixa e aveludada .
     Ele conversou com ela falou oq está acontecendo com ele e oque ele já passou .
     Quando ele chega na vida dela , ela fica mais triste , não sorria mais , ela não brincava mais e ela disse a ele ! Que o sonho dela era fica no por do sol na divisória de um país pro outro ! Ele realizou esse sonho dela .
     Chega uma hora que ela cansa e pula da ponte para acabar com o sofrimento de uma vez !!!! Ele morreu com câncer de pele porém pulou na frente de um caminhão ...

FIM....... ",Masculino,14,Estudante,Sudeste,
2018/05/25 9:04:14 PM GMT,O Pequeno Príncipe - Antoine de Saint-Exupéry,1,Não,"O livro o pequeno príncipe é um livro muito ruim e&nbsp; não recomendo , ele&nbsp; não passa uma mensagem&nbsp; muito positiva para quem o lê e também tem capítulos com partes que não são apropriadas para crianças . O tema dele é muito forte e muito pesado ,ao invés de ensinar algo bom ele mostra o lado negativo de tudo e&nbsp; como as crianças tudo q vê quer imitar elas irão ver e fazer o mesmo . A minha opinião sobre tudo isso é que um livro desses não deveria estar aberto para crianças pois fala que as não podem estudar e são&nbsp; obrigadas a virar adulto logo cedo e trabalhar. Ou seja viver em um mundo sem diversão sem nada que ajude no desenvolvimento delas .",Feminino,14,Estudante,Sul,
2018/05/26 7:37:39 PM GMT,A Culpa é das Estrelas - John Green,5,Não,"Hazel foi diagnosticada com câncer aos treze anos e agora, aos dezesseis, sobrevive graças a uma droga revolucionária que detém a metástase em seus pulmões. Ela sabe que sua doença é terminal e passa os dias vendo tevê e lendo Uma aflição imperial, livro cujo autor deixou muitas perguntas sem resposta. Essa era sua rotina até ela conhecer Augustus Waters, um jovem de dezessete anos que perdeu uma perna devido a um osteosarcoma, em um Grupo de Apoio a Crianças com Câncer. Como Hazel, Gus é inteligente, tem senso de humor e gosta de ironizar os clichês do mundo do câncer - a principal arma dos dois para enfrentar a doença que lentamente drena a vida das pessoas. Com a ajuda de uma instituição que se dedica a realizar o último desejo de crianças doentes, eles embarcam para Amsterdã para procurar Peter Van Houten, o autor de Uma aflição imperial, em busca das respostas que desejam. 
",Feminino,15,estudante,Sudeste,
2018/05/27 11:47:21 PM GMT,A Culpa é das Estrelas - John Green,3,Sim,"O livro relata a história de uma menina que estava com câncer, em estágio avançado. Ela fazia vários tratamentos para se curar. Durante o tratamento conheceu um rapaz que também estava com uma doença muito grave. Eles viraram grandes amigos. Este livro é baseado em fato real. É muito triste, pois os dois morrem no final.",Feminino,14,Estudante,Sudeste,
2018/05/27 11:54:54 PM GMT,A Culpa é das Estrelas - John Green,4,Sim,"O livro relata a história de um menina de 18 anos que tem câncer. Ela conhece um rapaz que também tem câncer. Os dois enfrentam a doença juntos. A menina consegue sarar, mas o rapaz morre no final.
É um livro muito triste, mostra a realidade que muitas famílias estão enfrentando dos dias atuais. A dura separação da pessoa querida, o sofrimento, o tratamento. É um livro que, embora triste vale a pena ler.",Feminino,14,Estudante,Sudeste,
2018/05/28 12:08:15 AM GMT,Jogos Vorazes - Suzanne Collins,4,Sim,"É engraçado como a nossa vida pode mudar de uma hora para outra sem nem ao menos uma explicação lógica. Às vezes para o bem e às vezes para o mal. Um sentimento constante corroendo o seu peito. Um vazio gigantesco tomando conta de seu ser. Pois é, Katniss sentia tudo isso é muito mais. Para ela, essa foi a pior decisão que tomara, nunca se arrependeu tanto de um pensamento tão absurdo ter lhe atormentado.
Katniss iria se casar, mas o problema não era esse. Ela iria se casar com quem ela nunca amou, ou até mesmo nunca pensou em casar-se, Galé.
Katniss teria que se casar para salvar seu verdadeiro amor de caso de vida ou morte.Os Jogos Vorazes, só assim ela conseguiria a liberdade de Preta. Seu verdadeiro amor. ",Feminino,14,Estudante,Sudeste,
2018/05/29 11:34:38 PM GMT,Dom Casmurro - Machado de Assis,3,Não,"Uma história incomum de amor e ciúme, Dom Casmurro é a história de Capitu e seu amor de infância, Bento, que superaram a relutância de seus pais em se casar. Mas Capitu suspeitava imensamente que o filho deles não são deles. Mas além desse enredo nada ""direto"" Machado, joga com as emoções e comentários do leitos sobre a estrutura da história, clareando a linha entre a realidade e ficção, parecendo muito medieval.",Feminino,14,Estudante. ,Centro-Oeste,
